Method,Mean_Accuracy,Std_Accuracy,CI_Lower,CI_Upper,N_Splits,Avg_Preselected_Features,Avg_Final_Features,Train_Size_Distribution
LDA,0.6,0.406201920231798,0.24394831835813502,0.9560516816418649,5,229.0,17.8,{12: 5}
PLS_DA,0.7,0.291547594742265,0.44444726571605614,0.9555527342839438,5,229.0,17.8,{12: 5}
SVM_linear,0.65,0.25495097567963926,0.426525616680569,0.8734743833194311,5,229.0,17.8,{12: 5}
SVM_rbf,0.7,0.18708286933869706,0.5360146347993212,0.8639853652006787,5,229.0,17.8,{12: 5}
